주소	경로
0x5275EE	䓣䀀䑌img//아이템//포션//spc.gif
0x527620	ꅑ⃨Aimg//아이템//포션//all.gif
0x52765C	img//아이템//포션//sen.gif
0x527690	img//아이템//포션//stt.gif
0x5276C4	img//아이템//포션//rec.gif
0x5276F8	img//아이템//포션//grr.gif
0x52772C	img//아이템//포션//prd.gif
0x527760	img//아이템//포션//ctr.gif
0x527794	img//아이템//포션//def.gif
0x5277C8	img//아이템//포션//att.gif
0x5277FC	img//아이템//포션//vit.gif
0x527830	img//아이템//기타//5.gif
0x527860	img//아이템//기타//4.gif
0x527890	img//아이템//기타//3.gif
0x5278C0	img//아이템//기타//2.gif
0x5278F0	img//아이템//기타//1.gif
0x527920	img//아이템//기타//0.gif
0x527950	img//아이템//모니터//2.gif
0x527984	img//아이템//모니터//1.gif
0x5279B8	img//아이템//모니터//0.gif
0x5279EC	img//아이템//키보드//3.gif
0x527A20	img//아이템//키보드//2.gif
0x527A54	img//아이템//키보드//1.gif
0x527A88	img//아이템//키보드//0.gif
0x527ABC	img//아이템//마우스//3.gif
0x527AF0	img//아이템//마우스//2.gif
0x527B24	img//아이템//마우스//1.gif
0x527B58	img//아이템//마우스//0.gif
0x527B8C	img//아이템//소모품//4.gif
0x527BC0	img//아이템//소모품//3.gif
0x527BF4	img//아이템//소모품//2.gif
0x527C28	img//아이템//소모품//1.gif
0x527C5C	img//아이템//소모품//0.gif
0x527C90	img//기타//gg4.gif
0x527CB8	img//기타//짜증.gif
0x527CE0	img//기타//의욕.gif
0x527D08	img//기타//은배지.gif
0x527D30	img//기타//금배지.gif
0x527D58	img//기타//Protoss.gif
0x527D8C	img//기타//Zerg.gif
0x527DB8	img//기타//Terran.gif
0x527DE8	img//기타//Best.gif
0x527E14	img//기타//Event.gif
0x527E44	img//기타//Train.gif
0x527E74	img//기타//Rest.gif
0x527EA0	img//기타//트레이드.gif
0x527ECC	img//기타//gg3.gif
0x527EF4	img//기타//gg2.gif
0x527F1C	img//로고//MyPL.gif
0x527F48	img//로고//MySL.gif
0x527F74	img//로고//DT.gif
0x527F9C	img//로고//PC방.gif
0x527FC4	img//기타//스킨.gif
0x527FEC	img//기타//방출.gif
0x528014	img//기타//스카웃.gif
0x52803C	img//기타//무소속.gif
0x528064	img//기타//empty.gif
0x528094	img//기타//바탕.gif
0x5280BC	img//기타//세팅.gif
0x5280E4	img//기타//메인.gif
0x52810C	img//기타//gg.gif
0x528134	img//기타//Winner.gif
0x528164	img//기타//Computer.gif
0x528198	img//기타//ACE.gif
0x5281C0	img//기타//적군.gif
0x5281E8	img//기타//아군.gif
0x528210	img//로고//Logo2.gif
0x528240	img//로고//Logo.gif
0x52826C	img//맵//폴라리스랩소디.gif
0x52829C	img//맵//그랜드라인.gif
0x5282C8	img//맵//로드런너.gif
0x5282F0	img//맵//심판의날.gif
0x528318	img//맵//네오문글레이브.gif
0x528348	img//맵//태풍의눈.gif
0x528370	img//맵//투혼.gif
0x528394	img//맵//신용오름.gif
0x5283BC	img//맵//매치포인트.gif
0x5283E8	img//맵//신의정원.gif
0x528410	img//맵//아웃사이더.gif
0x52843C	img//맵//배틀로얄.gif
0x528464	img//맵//단장의능선.gif
0x528490	img//맵//달의눈물.gif
0x5284B8	img//맵//카르타고.gif
0x5284E0	img//맵//메두사.gif
0x528508	img//맵//신청풍명월.gif
0x528534	img//맵//데스티네이션.gif
0x528564	img//맵//신추풍령.gif
0x52858C	img//맵//플라즈마.gif
0x5285B4	img//맵//왕의귀환.gif
0x5285DC	img//맵//비잔티움2.gif
0x528608	img//맵//데토네이션F.gif
0x528638	img//맵//머큐리.gif
0x528660	img//맵//아테나2.gif
0x528688	img//맵//티아매트.gif
0x5286B0	img//맵//화랑도.gif
0x5286D8	img//맵//폭풍의언덕.gif
0x528704	img//맵//콜로세움2.gif
0x528730	img//맵//오델로.gif
0x528758	img//맵//안드로메다.gif
0x528784	img//맵//블리츠X.gif
0x5287AC	img//맵//트로이.gif
0x5287D4	img//맵//히치하이커.gif
0x528800	img//맵//팔진도.gif
0x528828	img//맵//파이썬.gif
0x528850	img//맵//타우크로스.gif
0x52887C	img//맵//카트리나.gif
0x5288A4	img//맵//지오메트리.gif
0x5288D0	img//맵//조디악.gif
0x5288F8	img//맵//운고로.gif
0x528920	img//맵//알포인트.gif
0x528948	img//맵//아카디아2.gif
0x528974	img//맵//신백두대간.gif
0x5289A0	img//맵//블루스톰.gif
0x5289C8	img//맵//백마고지.gif
0x5289F0	img//맵//몽환.gif
0x528A14	img//맵//몬티홀.gif
0x528A3C	img//맵//리버스템플.gif
0x528A68	img//맵//루나.gif
0x528A8C	img//맵//롱기누스2.gif
0x528AB8	img//맵//로키.gif
0x528ADC	img//맵//러시아워3.gif
0x528B08	img//맵//라오발.gif
0x528B30	img//맵//데스페라도.gif
0x528B5C	img//맵//레이드어썰트2.gif
0x528B8C	img//맵//레퀴엠.gif
0x528BB4	img//맵//비프로스트3.gif
0x528BE4	img//선수//신모군.gif
0x528C0C	img//선수//별.gif
0x528C30	img//선수//카이.gif
0x528C58	img//선수//한승엽.gif
0x528C80	img//선수//한동훈.gif
0x528CA8	img//선수//피터.gif
0x528CD0	img//선수//최인규.gif
0x528CF8	img//선수//최연성.gif
0x528D20	img//선수//최수범.gif
0x528D48	img//선수//최가람.gif
0x528D70	img//선수//진영수.gif
0x528D98	img//선수//주현준.gif
0x528DC0	img//선수//조형근.gif
0x528DE8	img//선수//조용호.gif
0x528E10	img//선수//전태규.gif
0x528E38	img//선수//장진수.gif
0x528E60	img//선수//장진남.gif
0x528E88	img//선수//장육.gif
0x528EB0	img//선수//장용석.gif
0x528ED8	img//선수//임채성.gif
0x528F00	img//선수//임성춘.gif
0x528F28	img//선수//임동혁.gif
0x528F50	img//선수//이창훈.gif
0x528F78	img//선수//이주영.gif
0x528FA0	img//선수//이종미.gif
0x528FC8	img//선수//이재훈.gif
0x528FF0	img//선수//이재황.gif
0x529018	img//선수//이승훈.gif
0x529040	img//선수//이병민.gif
0x529068	img//선수//윤종민.gif
0x529090	img//선수//원종서.gif
0x5290B8	img//선수//오충훈.gif
0x5290E0	img//선수//염선희.gif
0x529108	img//선수//안상원.gif
0x529130	img//선수//심소명.gif
0x529158	img//선수//신희승.gif
0x529180	img//선수//신정민.gif
0x5291A8	img//선수//손영훈.gif
0x5291D0	img//선수//서기수.gif
0x5291F8	img//선수//샤쥔춘.gif
0x529220	img//선수//변은종.gif
0x529248	img//선수//변성철.gif
0x529270	img//선수//변길섭.gif
0x529298	img//선수//베르트랑.gif
0x5292C4	img//선수//박찬수.gif
0x5292EC	img//선수//박정욱.gif
0x529314	img//선수//박정길.gif
0x52933C	img//선수//박용욱.gif
0x529364	img//선수//박성훈.gif
0x52938C	img//선수//박성준1.gif
0x5293B8	img//선수//박문기.gif
0x5293E0	img//선수//박명수.gif
0x529408	img//선수//박동수.gif
0x529430	img//선수//박대경.gif
0x529458	img//선수//박경락.gif
0x529480	img//선수//문지훈.gif
0x5294A8	img//선수//문준희.gif
0x5294D0	img//선수//문성진.gif
0x5294F8	img//선수//마재윤.gif
0x529520	img//선수//루오시안.gif
0x52954C	img//선수//도진광.gif
0x529574	img//선수//나도현.gif
0x52959C	img//선수//김환중.gif
0x5295C4	img//선수//김현진.gif
0x5295EC	img//선수//김태형.gif
0x529614	img//선수//김창희.gif
0x52963C	img//선수//김창선.gif
0x529664	img//선수//김준영.gif
0x52968C	img//선수//김정환.gif
0x5296B4	img//선수//김정민.gif
0x5296DC	img//선수//김인기.gif
0x529704	img//선수//김윤환.gif
0x52972C	img//선수//김원기.gif
0x529754	img//선수//김영미.gif
0x52977C	img//선수//김성진.gif
0x5297A4	img//선수//김성제.gif
0x5297CC	img//선수//김성기.gif
0x5297F4	img//선수//김선기.gif
0x52981C	img//선수//김민제.gif
0x529844	img//선수//김동진.gif
0x52986C	img//선수//김동수.gif
0x529894	img//선수//김대기.gif
0x5298BC	img//선수//김남기.gif
0x5298E4	img//선수//김근백.gif
0x52990C	img//선수//김가을.gif
0x529934	img//선수//기욤.gif
0x52995C	img//선수//권오혁.gif
0x529984	img//선수//강도경.gif
0x5299AC	img//선수//강민.gif
0x5299D4	img//선수//강구열.gif
0x5299FC	img//선수//전태양.gif
0x529A24	img//선수//전상욱.gif
0x529A4C	img//선수//이윤열.gif
0x529A74	img//선수//이예훈.gif
0x529A9C	img//선수//이영한.gif
0x529AC4	img//선수//이영호1.gif
0x529AF0	img//선수//신노열.gif
0x529B18	img//선수//박세정.gif
0x529B40	img//선수//박성균.gif
0x529B68	img//선수//강정우.gif
0x529B90	img//선수//홍진호.gif
0x529BB8	img//선수//한동욱.gif
0x529BE0	img//선수//차재욱.gif
0x529C08	img//선수//오영종.gif
0x529C30	img//선수//안기효.gif
0x529C58	img//선수//손석희.gif
0x529C80	img//선수//서지훈.gif
0x529CA8	img//선수//박태민.gif
0x529CD0	img//선수//박정석.gif
0x529CF8	img//선수//박영민.gif
0x529D20	img//선수//민찬기.gif
0x529D48	img//선수//김경모.gif
0x529D70	img//선수//최지성.gif
0x529D98	img//선수//정명호.gif
0x529DC0	img//선수//유병준.gif
0x529DE8	img//선수//안수형.gif
0x529E10	img//선수//신재욱.gif
0x529E38	img//선수//신상호.gif
0x529E60	img//선수//신대근.gif
0x529E88	img//선수//박상우.gif
0x529EB0	img//선수//김성대.gif
0x529ED8	img//선수//김도우.gif
0x529F00	img//선수//하태준.gif
0x529F28	img//선수//최홍희.gif
0x529F50	img//선수//조재걸.gif
0x529F78	img//선수//이호준.gif
0x529FA0	img//선수//이경민.gif
0x529FC8	img//선수//안준영.gif
0x529FF0	img//선수//신상문.gif
0x52A018	img//선수//김학수.gif
0x52A040	img//선수//김상욱.gif
0x52A068	img//선수//김봉준.gif
0x52A090	img//선수//강석.gif
0x52A0B8	img//선수//한두열.gif
0x52A0E0	img//선수//진영화.gif
0x52A108	img//선수//정우용.gif
0x52A130	img//선수//장윤철.gif
0x52A158	img//선수//조병세.gif
0x52A180	img//선수//신동원.gif
0x52A1A8	img//선수//손재범.gif
0x52A1D0	img//선수//변형태.gif
0x52A1F8	img//선수//김정우.gif
0x52A220	img//선수//김민호.gif
0x52A248	img//선수//권수현.gif
0x52A270	img//선수//임원기.gif
0x52A298	img//선수//이학주.gif
0x52A2C0	img//선수//이제동.gif
0x52A2E8	img//선수//손찬웅.gif
0x52A310	img//선수//손주흥.gif
0x52A338	img//선수//방태수.gif
0x52A360	img//선수//박준오.gif
0x52A388	img//선수//김태균.gif
0x52A3B0	img//선수//김민혁.gif
0x52A3D8	img//선수//구성훈.gif
0x52A400	img//선수//강동현.gif
0x52A428	img//선수//정우서.gif
0x52A450	img//선수//전흥식.gif
0x52A478	img//선수//장민철.gif
0x52A4A0	img//선수//임성진.gif
0x52A4C8	img//선수//이재호.gif
0x52A4F0	img//선수//염보성.gif
0x52A518	img//선수//서경종.gif
0x52A540	img//선수//박지호.gif
0x52A568	img//선수//박수범.gif
0x52A590	img//선수//김태훈.gif
0x52A5B8	img//선수//김재훈.gif
0x52A5E0	img//선수//김동현.gif
0x52A608	img//선수//고석현.gif
0x52A630	img//선수//최호선.gif
0x52A658	img//선수//정윤종.gif
0x52A680	img//선수//정영철.gif
0x52A6A8	img//선수//정영재.gif
0x52A6D0	img//선수//정명훈.gif
0x52A6F8	img//선수//임요환.gif
0x52A720	img//선수//이승석.gif
0x52A748	img//선수//어윤수.gif
0x52A770	img//선수//박재혁.gif
0x52A798	img//선수//도재욱.gif
0x52A7C0	img//선수//김택용.gif
0x52A7E8	img//선수//고인규.gif
0x52A810	img//선수//한상봉.gif
0x52A838	img//선수//정종현.gif
0x52A860	img//선수//임진묵.gif
0x52A888	img//선수//임정현.gif
0x52A8B0	img//선수//이동준.gif
0x52A8D8	img//선수//윤용태.gif
0x52A900	img//선수//박대만.gif
0x52A928	img//선수//노준규.gif
0x52A950	img//선수//김영진.gif
0x52A978	img//선수//김승현.gif
0x52A9A0	img//선수//김민철.gif
0x52A9C8	img//선수//김명운.gif
0x52A9F0	img//선수//김동주.gif
0x52AA18	img//선수//조일장.gif
0x52AA40	img//선수//조성호.gif
0x52AA68	img//선수//이신형.gif
0x52AA90	img//선수//서지수.gif
0x52AAB8	img//선수//박종수.gif
0x52AAE0	img//선수//박성준.gif
0x52AB08	img//선수//김현우.gif
0x52AB30	img//선수//김윤환1.gif
0x52AB5C	img//선수//김윤중.gif
0x52AB84	img//선수//김구현.gif
0x52ABAC	img//선수//김성현.gif
0x52ABD4	img//선수//김동건.gif
0x52ABFC	img//선수//김경효.gif
0x52AC24	img//선수//허영무.gif
0x52AC4C	img//선수//최윤선.gif
0x52AC74	img//선수//차명환.gif
0x52AC9C	img//선수//주영달.gif
0x52ACC4	img//선수//조기석.gif
0x52ACEC	img//선수//임태규.gif
0x52AD14	img//선수//이정현.gif
0x52AD3C	img//선수//이성은.gif
0x52AD64	img//선수//유준희.gif
0x52AD8C	img//선수//송병구.gif
0x52ADB4	img//선수//박대호.gif
0x52ADDC	img//선수//김기현.gif
0x52AE04	img//선수//황병영.gif
0x52AE2C	img//선수//최용주.gif
0x52AE54	img//선수//이영호.gif
0x52AE7C	img//선수//우정호.gif
0x52AEA4	img//선수//배병우.gif
0x52AECC	img//선수//박지수.gif
0x52AEF4	img//선수//박재영.gif
0x52AF1C	img//선수//남승현.gif
0x52AF44	img//선수//김재춘.gif
0x52AF6C	img//선수//김대엽.gif
0x52AF94	img//선수//고강민.gif
0x52AFBC	img//선수//강현우.gif
0x52AFE4	img//로고//FOX.gif
0x52B00C	img//로고//ACE.gif
0x52B034	img//로고//EST.gif
0x52B05C	img//로고//SPK.gif
0x52B084	img//로고//CJE.gif
0x52B0AC	img//로고//HOZ.gif
0x52B0D4	img//로고//MBC.gif
0x52B0FC	img//로고//SKT.gif
0x52B124	img//로고//WNG.gif
0x52B14C	img//로고//STX.gif
0x52B174	img//로고//SAM.gif
0x52B19C	img//로고//KTR.gif
